Tamaño;Tiempo binaria;comparacionesBinaria;Tiempo Secuencial;comparacionesSecuencial
10;557.8333333333334;3;381.93333333333334;7
100;77425.13333333333;5;1450.9333333333334;79
1000;767.3333333333334;8;8266.8;562
10000;1798.1;12;28114.733333333334;6195
100000;4017.4666666666667;15;15714.933333333332;70565
